SourceSite;TravelTime in sec;DestinationSite
HUB_001;0;HUB_001;
HUB_001;6121;STO_002;
HUB_001;3140;STO_003;
HUB_001;9424;STO_004;
HUB_001;8769;STO_005;
HUB_001;6480;STO_006;
HUB_001;7351;STO_007;
HUB_001;8005;STO_008;
HUB_001;5733;STO_009;
HUB_001;10952;STO_010;
HUB_001;12565;STO_011;
HUB_001;12204;STO_012;
HUB_001;10252;STO_013;
HUB_001;11484;STO_014;
HUB_001;3556;STO_015;
HUB_001;8282;STO_016;
HUB_001;3718;STO_017;
HUB_001;3610;STO_018;
HUB_001;10114;STO_019;
HUB_001;9973;STO_020;
HUB_001;7336;STO_021;
HUB_001;9957;STO_022;
HUB_001;8376;STO_023;
HUB_001;7885;STO_024;
HUB_001;14241;STO_025;
HUB_001;6603;STO_026;
HUB_001;10522;STO_027;
HUB_001;1014;STO_028;
HUB_001;12923;STO_029;
HUB_001;7589;STO_030;
HUB_001;12498;STO_031;
HUB_001;6910;STO_032;
HUB_001;8875;STO_033;
HUB_001;8874;STO_034;
HUB_001;6399;STO_035;
HUB_001;7055;STO_036;
HUB_001;10072;STO_037;
HUB_001;5084;STO_038;
HUB_001;9807;STO_039;
HUB_001;3063;STO_040;
HUB_001;4118;STO_041;
HUB_001;9439;STO_042;
HUB_001;973;STO_043;
HUB_001;11835;STO_044;
HUB_001;8556;STO_045;
HUB_001;3396;STO_046;
HUB_001;7485;STO_047;
HUB_001;9960;STO_048;
STO_002;6121;HUB_001;
STO_002;0;STO_002;
STO_002;9216;STO_003;
STO_002;6733;STO_004;
STO_002;8420;STO_005;
STO_002;5243;STO_006;
STO_002;7592;STO_007;
STO_002;3091;STO_008;
STO_002;2523;STO_009;
STO_002;10041;STO_010;
STO_002;14203;STO_011;
STO_002;9688;STO_012;
STO_002;11127;STO_013;
STO_002;14249;STO_014;
STO_002;9285;STO_015;
STO_002;4098;STO_016;
STO_002;7957;STO_017;
STO_002;4655;STO_018;
STO_002;5069;STO_019;
STO_002;7370;STO_020;
STO_002;3868;STO_021;
STO_002;5910;STO_022;
STO_002;10047;STO_023;
STO_002;1846;STO_024;
STO_002;10936;STO_025;
STO_002;11360;STO_026;
STO_002;9092;STO_027;
STO_002;6931;STO_028;
STO_002;15894;STO_029;
STO_002;12061;STO_030;
STO_002;8570;STO_031;
STO_002;1952;STO_032;
STO_002;8664;STO_033;
STO_002;6144;STO_034;
STO_002;4506;STO_035;
STO_002;11995;STO_036;
STO_002;5554;STO_037;
STO_002;2502;STO_038;
STO_002;7535;STO_039;
STO_002;7003;STO_040;
STO_002;9594;STO_041;
STO_002;5288;STO_042;
STO_002;7055;STO_043;
STO_002;8433;STO_044;
STO_002;6703;STO_045;
STO_002;4082;STO_046;
STO_002;2092;STO_047;
STO_002;5486;STO_048;
STO_003;3140;HUB_001;
STO_003;9216;STO_002;
STO_003;0;STO_003;
STO_003;12166;STO_004;
STO_003;10907;STO_005;
STO_003;9181;STO_006;
STO_003;9473;STO_007;
STO_003;10796;STO_008;
STO_003;8826;STO_009;
STO_003;13081;STO_010;
STO_003;13447;STO_011;
STO_003;14755;STO_012;
STO_003;11727;STO_013;
STO_003;11803;STO_014;
STO_003;1345;STO_015;
STO_003;11330;STO_016;
STO_003;4721;STO_017;
STO_003;6396;STO_018;
STO_003;13211;STO_019;
STO_003;12662;STO_020;
STO_003;10345;STO_021;
STO_003;12930;STO_022;
STO_003;9707;STO_023;
STO_003;10933;STO_024;
STO_003;16929;STO_025;
STO_003;6022;STO_026;
STO_003;12854;STO_027;
STO_003;2292;STO_028;
STO_003;12987;STO_029;
STO_003;7101;STO_030;
STO_003;15377;STO_031;
STO_003;9801;STO_032;
STO_003;10952;STO_033;
STO_003;11660;STO_034;
STO_003;9250;STO_035;
STO_003;6174;STO_036;
STO_003;13109;STO_037;
STO_003;7856;STO_038;
STO_003;12425;STO_039;
STO_003;4702;STO_040;
STO_003;3390;STO_041;
STO_003;12443;STO_042;
STO_003;2344;STO_043;
STO_003;14621;STO_044;
STO_003;11167;STO_045;
STO_003;5904;STO_046;
STO_003;10625;STO_047;
STO_003;12994;STO_048;
STO_004;9424;HUB_001;
STO_004;6733;STO_002;
STO_004;12166;STO_003;
STO_004;0;STO_004;
STO_004;3327;STO_005;
STO_004;2985;STO_006;
STO_004;3847;STO_007;
STO_004;9517;STO_008;
STO_004;4571;STO_009;
STO_004;3779;STO_010;
STO_004;9218;STO_011;
STO_004;3018;STO_012;
STO_004;6125;STO_013;
STO_004;10360;STO_014;
STO_004;12929;STO_015;
STO_004;2869;STO_016;
STO_004;8214;STO_017;
STO_004;5827;STO_018;
STO_004;3879;STO_019;
STO_004;642;STO_020;
STO_004;2873;STO_021;
STO_004;2090;STO_022;
STO_004;6285;STO_023;
STO_004;7439;STO_024;
STO_004;4820;STO_025;
STO_004;10625;STO_026;
STO_004;2661;STO_027;
STO_004;10434;STO_028;
STO_004;11936;STO_029;
STO_004;10735;STO_030;
STO_004;3366;STO_031;
STO_004;8594;STO_032;
STO_004;3578;STO_033;
STO_004;611;STO_034;
STO_004;3057;STO_035;
STO_004;11323;STO_036;
STO_004;2895;STO_037;
STO_004;8962;STO_038;
STO_004;884;STO_039;
STO_004;7713;STO_040;
STO_004;10468;STO_041;
STO_004;2300;STO_042;
STO_004;9901;STO_043;
STO_004;2462;STO_044;
STO_004;1243;STO_045;
STO_004;9700;STO_046;
STO_004;5017;STO_047;
STO_004;2811;STO_048;
STO_005;8769;HUB_001;
STO_005;8420;STO_002;
STO_005;10907;STO_003;
STO_005;3327;STO_004;
STO_005;0;STO_005;
STO_005;3198;STO_006;
STO_005;1439;STO_007;
STO_005;11483;STO_008;
STO_005;5901;STO_009;
STO_005;2191;STO_010;
STO_005;6095;STO_011;
STO_005;4304;STO_012;
STO_005;2926;STO_013;
STO_005;7036;STO_014;
STO_005;11931;STO_015;
STO_005;5543;STO_016;
STO_005;6340;STO_017;
STO_005;5415;STO_018;
STO_005;7066;STO_019;
STO_005;3268;STO_020;
STO_005;4943;STO_021;
STO_005;5385;STO_022;
STO_005;3024;STO_023;
STO_005;9652;STO_024;
STO_005;6700;STO_025;
STO_005;7945;STO_026;
STO_005;2081;STO_027;
STO_005;9688;STO_028;
STO_005;8626;STO_029;
STO_005;7842;STO_030;
STO_005;6277;STO_031;
STO_005;10372;STO_032;
STO_005;270;STO_033;
STO_005;3422;STO_034;
STO_005;3913;STO_035;
STO_005;8608;STO_036;
STO_005;6154;STO_037;
STO_005;10111;STO_038;
STO_005;2770;STO_039;
STO_005;6205;STO_040;
STO_005;8468;STO_041;
STO_005;5464;STO_042;
STO_005;8926;STO_043;
STO_005;5143;STO_044;
STO_005;2269;STO_045;
STO_005;10194;STO_046;
STO_005;7300;STO_047;
STO_005;6057;STO_048;
STO_006;6480;HUB_001;
STO_006;5243;STO_002;
STO_006;9181;STO_003;
STO_006;2985;STO_004;
STO_006;3198;STO_005;
STO_006;0;STO_006;
STO_006;2419;STO_007;
STO_006;8324;STO_008;
STO_006;2720;STO_009;
STO_006;5046;STO_010;
STO_006;9019;STO_011;
STO_006;5739;STO_012;
STO_006;5901;STO_013;
STO_006;9383;STO_014;
STO_006;9957;STO_015;
STO_006;3197;STO_016;
STO_006;5389;STO_017;
STO_006;2869;STO_018;
STO_006;5163;STO_019;
STO_006;3500;STO_020;
STO_006;2241;STO_021;
STO_006;4105;STO_022;
STO_006;5066;STO_023;
STO_006;6594;STO_024;
STO_006;7776;STO_025;
STO_006;8175;STO_026;
STO_006;4307;STO_027;
STO_006;7482;STO_028;
STO_006;11037;STO_029;
STO_006;8492;STO_030;
STO_006;6255;STO_031;
STO_006;7190;STO_032;
STO_006;3432;STO_033;
STO_006;2495;STO_034;
STO_006;785;STO_035;
STO_006;8881;STO_036;
STO_006;4582;STO_037;
STO_006;6940;STO_038;
STO_006;3330;STO_039;
STO_006;4790;STO_040;
STO_006;7627;STO_041;
STO_006;3809;STO_042;
STO_006;6921;STO_043;
STO_006;5442;STO_044;
STO_006;2093;STO_045;
STO_006;7212;STO_046;
STO_006;4377;STO_047;
STO_006;4462;STO_048;
STO_007;7351;HUB_001;
STO_007;7592;STO_002;
STO_007;9473;STO_003;
STO_007;3847;STO_004;
STO_007;1439;STO_005;
STO_007;2419;STO_006;
STO_007;0;STO_007;
STO_007;10683;STO_008;
STO_007;5086;STO_009;
STO_007;3629;STO_010;
STO_007;6617;STO_011;
STO_007;5537;STO_012;
STO_007;3547;STO_013;
STO_007;7018;STO_014;
STO_007;10492;STO_015;
STO_007;5366;STO_016;
STO_007;4945;STO_017;
STO_007;4095;STO_018;
STO_007;7155;STO_019;
STO_007;4017;STO_020;
STO_007;4550;STO_021;
STO_007;5695;STO_022;
STO_007;2706;STO_023;
STO_007;9008;STO_024;
STO_007;7894;STO_025;
STO_007;6851;STO_026;
STO_007;3427;STO_027;
STO_007;8259;STO_028;
STO_007;8666;STO_029;
STO_007;6897;STO_030;
STO_007;7115;STO_031;
STO_007;9519;STO_032;
STO_007;1524;STO_033;
STO_007;3705;STO_034;
STO_007;3204;STO_035;
STO_007;7539;STO_036;
STO_007;6370;STO_037;
STO_007;9043;STO_038;
STO_007;3586;STO_039;
STO_007;4770;STO_040;
STO_007;7116;STO_041;
STO_007;5614;STO_042;
STO_007;7488;STO_043;
STO_007;6052;STO_044;
STO_007;2607;STO_045;
STO_007;8947;STO_046;
STO_007;6787;STO_047;
STO_007;6259;STO_048;
STO_008;8005;HUB_001;
STO_008;3091;STO_002;
STO_008;10796;STO_003;
STO_008;9517;STO_004;
STO_008;11483;STO_005;
STO_008;8324;STO_006;
STO_008;10683;STO_007;
STO_008;0;STO_008;
STO_008;5607;STO_009;
STO_008;13013;STO_010;
STO_008;17294;STO_011;
STO_008;12339;STO_012;
STO_008;14216;STO_013;
STO_008;17287;STO_014;
STO_008;10492;STO_015;
STO_008;6690;STO_016;
STO_008;10605;STO_017;
STO_008;7538;STO_018;
STO_008;6932;STO_019;
STO_008;10131;STO_020;
STO_008;6748;STO_021;
STO_008;8288;STO_022;
STO_008;13121;STO_023;
STO_008;2168;STO_024;
STO_008;13246;STO_025;
STO_008;13997;STO_026;
STO_008;12014;STO_027;
STO_008;8559;STO_028;
STO_008;18924;STO_029;
STO_008;14790;STO_030;
STO_008;10740;STO_031;
STO_008;1233;STO_032;
STO_008;11731;STO_033;
STO_008;8965;STO_034;
STO_008;7575;STO_035;
STO_008;14587;STO_036;
STO_008;7722;STO_037;
STO_008;2945;STO_038;
STO_008;10367;STO_039;
STO_008;9645;STO_040;
STO_008;11931;STO_041;
STO_008;7701;STO_042;
STO_008;8978;STO_043;
STO_008;10854;STO_044;
STO_008;9661;STO_045;
STO_008;4913;STO_046;
STO_008;4507;STO_047;
STO_008;7690;STO_048;
STO_009;5733;HUB_001;
STO_009;2523;STO_002;
STO_009;8826;STO_003;
STO_009;4571;STO_004;
STO_009;5901;STO_005;
STO_009;2720;STO_006;
STO_009;5086;STO_007;
STO_009;5607;STO_008;
STO_009;0;STO_009;
STO_009;7593;STO_010;
STO_009;11702;STO_011;
STO_009;7589;STO_012;
STO_009;8610;STO_013;
STO_009;11869;STO_014;
STO_009;9258;STO_015;
STO_009;2594;STO_016;
STO_009;6328;STO_017;
STO_009;2895;STO_018;
STO_009;4385;STO_019;
STO_009;5211;STO_020;
STO_009;1814;STO_021;
STO_009;4393;STO_022;
STO_009;7608;STO_023;
STO_009;3976;STO_024;
STO_009;9174;STO_025;
STO_009;9610;STO_026;
STO_009;6701;STO_027;
STO_009;6716;STO_028;
STO_009;13523;STO_029;
STO_009;10169;STO_030;
STO_009;7069;STO_031;
STO_009;4472;STO_032;
STO_009;6143;STO_033;
STO_009;3959;STO_034;
STO_009;1991;STO_035;
STO_009;10289;STO_036;
STO_009;4379;STO_037;
STO_009;4427;STO_038;
STO_009;5280;STO_039;
STO_009;5449;STO_040;
STO_009;8306;STO_041;
STO_009;3817;STO_042;
STO_009;6489;STO_043;
STO_009;6648;STO_044;
STO_009;4304;STO_045;
STO_009;5184;STO_046;
STO_009;2145;STO_047;
STO_009;4273;STO_048;
STO_010;10952;HUB_001;
STO_010;10041;STO_002;
STO_010;13081;STO_003;
STO_010;3779;STO_004;
STO_010;2191;STO_005;
STO_010;5046;STO_006;
STO_010;3629;STO_007;
STO_010;13013;STO_008;
STO_010;7593;STO_009;
STO_010;0;STO_010;
STO_010;5775;STO_011;
STO_010;2958;STO_012;
STO_010;3098;STO_013;
STO_010;7474;STO_014;
STO_010;14119;STO_015;
STO_010;6567;STO_016;
STO_010;8465;STO_017;
STO_010;7541;STO_018;
STO_010;7614;STO_019;
STO_010;3346;STO_020;
STO_010;6272;STO_021;
STO_010;5767;STO_022;
STO_010;4369;STO_023;
STO_010;11033;STO_024;
STO_010;5246;STO_025;
STO_010;9710;STO_026;
STO_010;1135;STO_027;
STO_010;11877;STO_028;
STO_010;8880;STO_029;
STO_010;9435;STO_030;
STO_010;5644;STO_031;
STO_010;11981;STO_032;
STO_010;2128;STO_033;
STO_010;4190;STO_034;
STO_010;5638;STO_035;
STO_010;10330;STO_036;
STO_010;6592;STO_037;
STO_010;11960;STO_038;
STO_010;2911;STO_039;
STO_010;8382;STO_040;
STO_010;10530;STO_041;
STO_010;6068;STO_042;
STO_010;11117;STO_043;
STO_010;4491;STO_044;
STO_010;3351;STO_045;
STO_010;12226;STO_046;
STO_010;8607;STO_047;
STO_010;6525;STO_048;
STO_011;12565;HUB_001;
STO_011;14203;STO_002;
STO_011;13447;STO_003;
STO_011;9218;STO_004;
STO_011;6095;STO_005;
STO_011;9019;STO_006;
STO_011;6617;STO_007;
STO_011;17294;STO_008;
STO_011;11702;STO_009;
STO_011;5775;STO_010;
STO_011;0;STO_011;
STO_011;8612;STO_012;
STO_011;3171;STO_013;
STO_011;2634;STO_014;
STO_011;14743;STO_015;
STO_011;11638;STO_016;
STO_011;8980;STO_017;
STO_011;10230;STO_018;
STO_011;13080;STO_019;
STO_011;8944;STO_020;
STO_011;11005;STO_021;
STO_011;11305;STO_022;
STO_011;4328;STO_023;
STO_011;15613;STO_024;
STO_011;10626;STO_025;
STO_011;7998;STO_026;
STO_011;6835;STO_027;
STO_011;13205;STO_028;
STO_011;3419;STO_029;
STO_011;7149;STO_030;
STO_011;11412;STO_031;
STO_011;16117;STO_032;
STO_011;5824;STO_033;
STO_011;9444;STO_034;
STO_011;9798;STO_035;
STO_011;8311;STO_036;
STO_011;12113;STO_037;
STO_011;15479;STO_038;
STO_011;8452;STO_039;
STO_011;9502;STO_040;
STO_011;10138;STO_041;
STO_011;11478;STO_042;
STO_011;12264;STO_043;
STO_011;10265;STO_044;
STO_011;8332;STO_045;
STO_011;15026;STO_046;
STO_011;13333;STO_047;
STO_011;12028;STO_048;
STO_012;12204;HUB_001;
STO_012;9688;STO_002;
STO_012;14755;STO_003;
STO_012;3018;STO_004;
STO_012;4304;STO_005;
STO_012;5739;STO_006;
STO_012;5537;STO_007;
STO_012;12339;STO_008;
STO_012;7589;STO_009;
STO_012;2958;STO_010;
STO_012;8612;STO_011;
STO_012;0;STO_012;
STO_012;6055;STO_013;
STO_012;10430;STO_014;
STO_012;15630;STO_015;
STO_012;5659;STO_016;
STO_012;10437;STO_017;
STO_012;8599;STO_018;
STO_012;5913;STO_019;
STO_012;2380;STO_020;
STO_012;5865;STO_021;
STO_012;4156;STO_022;
STO_012;7121;STO_023;
STO_012;10203;STO_024;
STO_012;2400;STO_025;
STO_012;12248;STO_026;
STO_012;2269;STO_027;
STO_012;13198;STO_028;
STO_012;11812;STO_029;
STO_012;12110;STO_030;
STO_012;2921;STO_031;
STO_012;11496;STO_032;
STO_012;4415;STO_033;
STO_012;3630;STO_034;
STO_012;5990;STO_035;
STO_012;12908;STO_036;
STO_012;4896;STO_037;
STO_012;11969;STO_038;
STO_012;2415;STO_039;
STO_012;10122;STO_040;
STO_012;12643;STO_041;
STO_012;4683;STO_042;
STO_012;12579;STO_043;
STO_012;1919;STO_044;
STO_012;3650;STO_045;
STO_012;12707;STO_046;
STO_012;7843;STO_047;
STO_012;4878;STO_048;
STO_013;10252;HUB_001;
STO_013;11127;STO_002;
STO_013;11727;STO_003;
STO_013;6125;STO_004;
STO_013;2926;STO_005;
STO_013;5901;STO_006;
STO_013;3547;STO_007;
STO_013;14216;STO_008;
STO_013;8610;STO_009;
STO_013;3098;STO_010;
STO_013;3171;STO_011;
STO_013;6055;STO_012;
STO_013;0;STO_013;
STO_013;4400;STO_014;
STO_013;12926;STO_015;
STO_013;8469;STO_016;
STO_013;7017;STO_017;
STO_013;7446;STO_018;
STO_013;9954;STO_019;
STO_013;5917;STO_020;
STO_013;7838;STO_021;
STO_013;8214;STO_022;
STO_013;2033;STO_023;
STO_013;12479;STO_024;
STO_013;8327;STO_025;
STO_013;7279;STO_026;
STO_013;3969;STO_027;
STO_013;11030;STO_028;
STO_013;5880;STO_029;
STO_013;6787;STO_030;
STO_013;8632;STO_031;
STO_013;13061;STO_032;
STO_013;2655;STO_033;
STO_013;6307;STO_034;
STO_013;6671;STO_035;
STO_013;7814;STO_036;
STO_013;9009;STO_037;
STO_013;12564;STO_038;
STO_013;5413;STO_039;
STO_013;7283;STO_040;
STO_013;8711;STO_041;
STO_013;8350;STO_042;
STO_013;10143;STO_043;
STO_013;7465;STO_044;
STO_013;5177;STO_045;
STO_013;12322;STO_046;
STO_013;10174;STO_047;
STO_013;8918;STO_048;
STO_014;11484;HUB_001;
STO_014;14249;STO_002;
STO_014;11803;STO_003;
STO_014;10360;STO_004;
STO_014;7036;STO_005;
STO_014;9383;STO_006;
STO_014;7018;STO_007;
STO_014;17287;STO_008;
STO_014;11869;STO_009;
STO_014;7474;STO_010;
STO_014;2634;STO_011;
STO_014;10430;STO_012;
STO_014;4400;STO_013;
STO_014;0;STO_014;
STO_014;13139;STO_015;
STO_014;12370;STO_016;
STO_014;7768;STO_017;
STO_014;9841;STO_018;
STO_014;14061;STO_019;
STO_014;10233;STO_020;
STO_014;11566;STO_021;
STO_014;12421;STO_022;
STO_014;4319;STO_023;
STO_014;15846;STO_024;
STO_014;12639;STO_025;
STO_014;5952;STO_026;
STO_014;8368;STO_027;
STO_014;11961;STO_028;
STO_014;1656;STO_029;
STO_014;4966;STO_030;
STO_014;13029;STO_031;
STO_014;16067;STO_032;
STO_014;6782;STO_033;
STO_014;10441;STO_034;
STO_014;10160;STO_035;
STO_014;6117;STO_036;
STO_014;13180;STO_037;
STO_014;15122;STO_038;
STO_014;9726;STO_039;
STO_014;8490;STO_040;
STO_014;8414;STO_041;
STO_014;12470;STO_042;
STO_014;11005;STO_043;
STO_014;11861;STO_044;
STO_014;9278;STO_045;
STO_014;14338;STO_046;
STO_014;13752;STO_047;
STO_014;13080;STO_048;
STO_015;3556;HUB_001;
STO_015;9285;STO_002;
STO_015;1345;STO_003;
STO_015;12929;STO_004;
STO_015;11931;STO_005;
STO_015;9957;STO_006;
STO_015;10492;STO_007;
STO_015;10492;STO_008;
STO_015;9258;STO_009;
STO_015;14119;STO_010;
STO_015;14743;STO_011;
STO_015;15630;STO_012;
STO_015;12926;STO_013;
STO_015;13139;STO_014;
STO_015;0;STO_015;
STO_015;11826;STO_016;
STO_015;5910;STO_017;
STO_015;7103;STO_018;
STO_015;13621;STO_019;
STO_015;13457;STO_020;
STO_015;10891;STO_021;
STO_015;13514;STO_022;
STO_015;10921;STO_023;
STO_015;10896;STO_024;
STO_015;17733;STO_025;
STO_015;7365;STO_026;
STO_015;13819;STO_027;
STO_015;2549;STO_028;
STO_015;14332;STO_029;
STO_015;8444;STO_030;
STO_015;16048;STO_031;
STO_015;9600;STO_032;
STO_015;11996;STO_033;
STO_015;12394;STO_034;
STO_015;9933;STO_035;
STO_015;7505;STO_036;
STO_015;13618;STO_037;
STO_015;7609;STO_038;
STO_015;13259;STO_039;
STO_015;5756;STO_040;
STO_015;4731;STO_041;
STO_015;12993;STO_042;
STO_015;3050;STO_043;
STO_015;15360;STO_044;
STO_015;12000;STO_045;
STO_015;5592;STO_046;
STO_015;10888;STO_047;
STO_015;13507;STO_048;
STO_016;8282;HUB_001;
STO_016;4098;STO_002;
STO_016;11330;STO_003;
STO_016;2869;STO_004;
STO_016;5543;STO_005;
STO_016;3197;STO_006;
STO_016;5366;STO_007;
STO_016;6690;STO_008;
STO_016;2594;STO_009;
STO_016;6567;STO_010;
STO_016;11638;STO_011;
STO_016;5659;STO_012;
STO_016;8469;STO_013;
STO_016;12370;STO_014;
STO_016;11826;STO_015;
STO_016;0;STO_016;
STO_016;8282;STO_017;
STO_016;5078;STO_018;
STO_016;2025;STO_019;
STO_016;3458;STO_020;
STO_016;1058;STO_021;
STO_016;1863;STO_022;
STO_016;8071;STO_023;
STO_016;4581;STO_024;
STO_016;6849;STO_025;
STO_016;11297;STO_026;
STO_016;5485;STO_027;
STO_016;9279;STO_028;
STO_016;14009;STO_029;
STO_016;11669;STO_030;
STO_016;4567;STO_031;
STO_016;5842;STO_032;
STO_016;5814;STO_033;
STO_016;2379;STO_034;
STO_016;2571;STO_035;
STO_016;12000;STO_036;
STO_016;1791;STO_037;
STO_016;6514;STO_038;
STO_016;3745;STO_039;
STO_016;7521;STO_040;
STO_016;10432;STO_041;
STO_016;1253;STO_042;
STO_016;8985;STO_043;
STO_016;4336;STO_044;
STO_016;3342;STO_045;
STO_016;7641;STO_046;
STO_016;2185;STO_047;
STO_016;1682;STO_048;
STO_017;3718;HUB_001;
STO_017;7957;STO_002;
STO_017;4721;STO_003;
STO_017;8214;STO_004;
STO_017;6340;STO_005;
STO_017;5389;STO_006;
STO_017;4945;STO_007;
STO_017;10605;STO_008;
STO_017;6328;STO_009;
STO_017;8465;STO_010;
STO_017;8980;STO_011;
STO_017;10437;STO_012;
STO_017;7017;STO_013;
STO_017;7768;STO_014;
STO_017;5910;STO_015;
STO_017;8282;STO_016;
STO_017;0;STO_017;
STO_017;3444;STO_018;
STO_017;10306;STO_019;
STO_017;8596;STO_020;
STO_017;7223;STO_021;
STO_017;9483;STO_022;
STO_017;5011;STO_023;
STO_017;9792;STO_024;
STO_017;12740;STO_025;
STO_017;3407;STO_026;
STO_017;8372;STO_027;
STO_017;4238;STO_028;
STO_017;9209;STO_029;
STO_017;4196;STO_030;
STO_017;11572;STO_031;
STO_017;9388;STO_032;
STO_017;6348;STO_033;
STO_017;7820;STO_034;
STO_017;5773;STO_035;
STO_017;4038;STO_036;
STO_017;9891;STO_037;
STO_017;7963;STO_038;
STO_017;8265;STO_039;
STO_017;961;STO_040;
STO_017;2253;STO_041;
STO_017;9135;STO_042;
STO_017;3289;STO_043;
STO_017;10649;STO_044;
STO_017;7058;STO_045;
STO_017;6772;STO_046;
STO_017;8466;STO_047;
STO_017;9770;STO_048;
STO_018;3610;HUB_001;
STO_018;4655;STO_002;
STO_018;6396;STO_003;
STO_018;5827;STO_004;
STO_018;5415;STO_005;
STO_018;2869;STO_006;
STO_018;4095;STO_007;
STO_018;7538;STO_008;
STO_018;2895;STO_009;
STO_018;7541;STO_010;
STO_018;10230;STO_011;
STO_018;8599;STO_012;
STO_018;7446;STO_013;
STO_018;9841;STO_014;
STO_018;7103;STO_015;
STO_018;5078;STO_016;
STO_018;3444;STO_017;
STO_018;0;STO_018;
STO_018;7065;STO_019;
STO_018;6365;STO_020;
STO_018;4041;STO_021;
STO_018;6558;STO_022;
STO_018;5906;STO_023;
STO_018;6447;STO_024;
STO_018;10638;STO_025;
STO_018;6783;STO_026;
STO_018;6997;STO_027;
STO_018;4613;STO_028;
STO_018;11453;STO_029;
STO_018;7425;STO_030;
STO_018;8982;STO_031;
STO_018;6305;STO_032;
STO_018;5568;STO_033;
STO_018;5292;STO_034;
STO_018;2853;STO_035;
STO_018;7446;STO_036;
STO_018;6809;STO_037;
STO_018;5296;STO_038;
STO_018;6197;STO_039;
STO_018;2554;STO_040;
STO_018;5427;STO_041;
STO_018;6103;STO_042;
STO_018;4089;STO_043;
STO_018;8259;STO_044;
STO_018;4949;STO_045;
STO_018;4880;STO_046;
STO_018;5024;STO_047;
STO_018;6690;STO_048;
STO_019;10114;HUB_001;
STO_019;5069;STO_002;
STO_019;13211;STO_003;
STO_019;3879;STO_004;
STO_019;7066;STO_005;
STO_019;5163;STO_006;
STO_019;7155;STO_007;
STO_019;6932;STO_008;
STO_019;4385;STO_009;
STO_019;7614;STO_010;
STO_019;13080;STO_011;
STO_019;5913;STO_012;
STO_019;9954;STO_013;
STO_019;14061;STO_014;
STO_019;13621;STO_015;
STO_019;2025;STO_016;
STO_019;10306;STO_017;
STO_019;7065;STO_018;
STO_019;0;STO_019;
STO_019;4268;STO_020;
STO_019;3083;STO_021;
STO_019;1856;STO_022;
STO_019;9825;STO_023;
STO_019;4780;STO_024;
STO_019;6366;STO_025;
STO_019;13309;STO_026;
STO_019;6479;STO_027;
STO_019;11089;STO_028;
STO_019;15675;STO_029;
STO_019;13655;STO_030;
STO_019;3829;STO_031;
STO_019;6396;STO_032;
STO_019;7332;STO_033;
STO_019;3648;STO_034;
STO_019;4584;STO_035;
STO_019;14013;STO_036;
STO_019;1039;STO_037;
STO_019;7568;STO_038;
STO_019;4711;STO_039;
STO_019;9537;STO_040;
STO_019;12447;STO_041;
STO_019;1604;STO_042;
STO_019;10872;STO_043;
STO_019;4143;STO_044;
STO_019;4798;STO_045;
STO_019;9023;STO_046;
STO_019;2993;STO_047;
STO_019;1091;STO_048;
STO_020;9973;HUB_001;
STO_020;7370;STO_002;
STO_020;12662;STO_003;
STO_020;642;STO_004;
STO_020;3268;STO_005;
STO_020;3500;STO_006;
STO_020;4017;STO_007;
STO_020;10131;STO_008;
STO_020;5211;STO_009;
STO_020;3346;STO_010;
STO_020;8944;STO_011;
STO_020;2380;STO_012;
STO_020;5917;STO_013;
STO_020;10233;STO_014;
STO_020;13457;STO_015;
STO_020;3458;STO_016;
STO_020;8596;STO_017;
STO_020;6365;STO_018;
STO_020;4268;STO_019;
STO_020;0;STO_020;
STO_020;3514;STO_021;
STO_020;2420;STO_022;
STO_020;6285;STO_023;
STO_020;8039;STO_024;
STO_020;4276;STO_025;
STO_020;10860;STO_026;
STO_020;2211;STO_027;
STO_020;10979;STO_028;
STO_020;11778;STO_029;
STO_020;10909;STO_030;
STO_020;3097;STO_031;
STO_020;9223;STO_032;
STO_020;3495;STO_033;
STO_020;1252;STO_034;
STO_020;3648;STO_035;
STO_020;11552;STO_036;
STO_020;3245;STO_037;
STO_020;9604;STO_038;
STO_020;507;STO_039;
STO_020;8145;STO_040;
STO_020;10845;STO_041;
STO_020;2749;STO_042;
STO_020;10420;STO_043;
STO_020;2063;STO_044;
STO_020;1538;STO_045;
STO_020;10330;STO_046;
STO_020;5626;STO_047;
STO_020;3178;STO_048;
STO_021;7336;HUB_001;
STO_021;3868;STO_002;
STO_021;10345;STO_003;
STO_021;2873;STO_004;
STO_021;4943;STO_005;
STO_021;2241;STO_006;
STO_021;4550;STO_007;
STO_021;6748;STO_008;
STO_021;1814;STO_009;
STO_021;6272;STO_010;
STO_021;11005;STO_011;
STO_021;5865;STO_012;
STO_021;7838;STO_013;
STO_021;11566;STO_014;
STO_021;10891;STO_015;
STO_021;1058;STO_016;
STO_021;7223;STO_017;
STO_021;4041;STO_018;
STO_021;3083;STO_019;
STO_021;3514;STO_020;
STO_021;0;STO_021;
STO_021;2632;STO_022;
STO_021;7249;STO_023;
STO_021;4770;STO_024;
STO_021;7364;STO_025;
STO_021;10258;STO_026;
STO_021;5266;STO_027;
STO_021;8342;STO_028;
STO_021;13216;STO_029;
STO_021;10652;STO_030;
STO_021;5271;STO_031;
STO_021;5761;STO_032;
STO_021;5209;STO_033;
STO_021;2277;STO_034;
STO_021;1547;STO_035;
STO_021;10959;STO_036;
STO_021;2772;STO_037;
STO_021;6105;STO_038;
STO_021;3667;STO_039;
STO_021;6464;STO_040;
STO_021;9375;STO_041;
STO_021;2102;STO_042;
STO_021;8003;STO_043;
STO_021;4835;STO_044;
STO_021;2925;STO_045;
STO_021;6995;STO_046;
STO_021;2368;STO_047;
STO_021;2655;STO_048;
STO_022;9957;HUB_001;
STO_022;5910;STO_002;
STO_022;12930;STO_003;
STO_022;2090;STO_004;
STO_022;5385;STO_005;
STO_022;4105;STO_006;
STO_022;5695;STO_007;
STO_022;8288;STO_008;
STO_022;4393;STO_009;
STO_022;5767;STO_010;
STO_022;11305;STO_011;
STO_022;4156;STO_012;
STO_022;8214;STO_013;
STO_022;12421;STO_014;
STO_022;13514;STO_015;
STO_022;1863;STO_016;
STO_022;9483;STO_017;
STO_022;6558;STO_018;
STO_022;1856;STO_019;
STO_022;2420;STO_020;
STO_022;2632;STO_021;
STO_022;0;STO_022;
STO_022;8274;STO_023;
STO_022;6125;STO_024;
STO_022;5032;STO_025;
STO_022;12228;STO_026;
STO_022;4632;STO_027;
STO_022;10966;STO_028;
STO_022;14010;STO_029;
STO_022;12455;STO_030;
STO_022;2703;STO_031;
STO_022;7554;STO_032;
STO_022;5643;STO_033;
STO_022;2004;STO_034;
STO_022;3756;STO_035;
STO_022;12934;STO_036;
STO_022;825;STO_037;
STO_022;8359;STO_038;
STO_022;2878;STO_039;
STO_022;8827;STO_040;
STO_022;11706;STO_041;
STO_022;621;STO_042;
STO_022;10595;STO_043;
STO_022;2569;STO_044;
STO_022;3161;STO_045;
STO_022;9500;STO_046;
STO_022;3887;STO_047;
STO_022;765;STO_048;
STO_023;8376;HUB_001;
STO_023;10047;STO_002;
STO_023;9707;STO_003;
STO_023;6285;STO_004;
STO_023;3024;STO_005;
STO_023;5066;STO_006;
STO_023;2706;STO_007;
STO_023;13121;STO_008;
STO_023;7608;STO_009;
STO_023;4369;STO_010;
STO_023;4328;STO_011;
STO_023;7121;STO_012;
STO_023;2033;STO_013;
STO_023;4319;STO_014;
STO_023;10921;STO_015;
STO_023;8071;STO_016;
STO_023;5011;STO_017;
STO_023;5906;STO_018;
STO_023;9825;STO_019;
STO_023;6285;STO_020;
STO_023;7249;STO_021;
STO_023;8274;STO_022;
STO_023;0;STO_023;
STO_023;11580;STO_024;
STO_023;9508;STO_025;
STO_023;5405;STO_026;
STO_023;4858;STO_027;
STO_023;9104;STO_028;
STO_023;5971;STO_029;
STO_023;5067;STO_030;
STO_023;9297;STO_031;
STO_023;11920;STO_032;
STO_023;2821;STO_033;
STO_023;6270;STO_034;
STO_023;5847;STO_035;
STO_023;5994;STO_036;
STO_023;8994;STO_037;
STO_023;11175;STO_038;
STO_023;5792;STO_039;
STO_023;5350;STO_040;
STO_023;6681;STO_041;
STO_023;8257;STO_042;
STO_023;8195;STO_043;
STO_023;8154;STO_044;
STO_023;5113;STO_045;
STO_023;10701;STO_046;
STO_023;9441;STO_047;
STO_023;8887;STO_048;
STO_024;7885;HUB_001;
STO_024;1846;STO_002;
STO_024;10933;STO_003;
STO_024;7439;STO_004;
STO_024;9652;STO_005;
STO_024;6594;STO_006;
STO_024;9008;STO_007;
STO_024;2168;STO_008;
STO_024;3976;STO_009;
STO_024;11033;STO_010;
STO_024;15613;STO_011;
STO_024;10203;STO_012;
STO_024;12479;STO_013;
STO_024;15846;STO_014;
STO_024;10896;STO_015;
STO_024;4581;STO_016;
STO_024;9792;STO_017;
STO_024;6447;STO_018;
STO_024;4780;STO_019;
STO_024;8039;STO_020;
STO_024;4770;STO_021;
STO_024;6125;STO_022;
STO_024;11580;STO_023;
STO_024;0;STO_024;
STO_024;11078;STO_025;
STO_024;13190;STO_026;
STO_024;9997;STO_027;
STO_024;8641;STO_028;
STO_024;17499;STO_029;
STO_024;13870;STO_030;
STO_024;8575;STO_031;
STO_024;1747;STO_032;
STO_024;9911;STO_033;
STO_024;6910;STO_034;
STO_024;5814;STO_035;
STO_024;13830;STO_036;
STO_024;5554;STO_037;
STO_024;3498;STO_038;
STO_024;8304;STO_039;
STO_024;8840;STO_040;
STO_024;11438;STO_041;
STO_024;5544;STO_042;
STO_024;8835;STO_043;
STO_024;8689;STO_044;
STO_024;7694;STO_045;
STO_024;5435;STO_046;
STO_024;2430;STO_047;
STO_024;5522;STO_048;
STO_025;14241;HUB_001;
STO_025;10936;STO_002;
STO_025;16929;STO_003;
STO_025;4820;STO_004;
STO_025;6700;STO_005;
STO_025;7776;STO_006;
STO_025;7894;STO_007;
STO_025;13246;STO_008;
STO_025;9174;STO_009;
STO_025;5246;STO_010;
STO_025;10626;STO_011;
STO_025;2400;STO_012;
STO_025;8327;STO_013;
STO_025;12639;STO_014;
STO_025;17733;STO_015;
STO_025;6849;STO_016;
STO_025;12740;STO_017;
STO_025;10638;STO_018;
STO_025;6366;STO_019;
STO_025;4276;STO_020;
STO_025;7364;STO_021;
STO_025;5032;STO_022;
STO_025;9508;STO_023;
STO_025;11078;STO_024;
STO_025;0;STO_025;
STO_025;14645;STO_026;
STO_025;4667;STO_027;
STO_025;15250;STO_028;
STO_025;13939;STO_029;
STO_025;14510;STO_030;
STO_025;2548;STO_031;
STO_025;12573;STO_032;
STO_025;6815;STO_033;
STO_025;5388;STO_034;
STO_025;7871;STO_035;
STO_025;15307;STO_036;
STO_025;5524;STO_037;
STO_025;13362;STO_038;
STO_025;4510;STO_039;
STO_025;12364;STO_040;
STO_025;14967;STO_041;
STO_025;5651;STO_042;
STO_025;14695;STO_043;
STO_025;2531;STO_044;
STO_025;5764;STO_045;
STO_025;14359;STO_046;
STO_025;8917;STO_047;
STO_025;5560;STO_048;
STO_026;6603;HUB_001;
STO_026;11360;STO_002;
STO_026;6022;STO_003;
STO_026;10625;STO_004;
STO_026;7945;STO_005;
STO_026;8175;STO_006;
STO_026;6851;STO_007;
STO_026;13997;STO_008;
STO_026;9610;STO_009;
STO_026;9710;STO_010;
STO_026;7998;STO_011;
STO_026;12248;STO_012;
STO_026;7279;STO_013;
STO_026;5952;STO_014;
STO_026;7365;STO_015;
STO_026;11297;STO_016;
STO_026;3407;STO_017;
STO_026;6783;STO_018;
STO_026;13309;STO_019;
STO_026;10860;STO_020;
STO_026;10258;STO_021;
STO_026;12228;STO_022;
STO_026;5405;STO_023;
STO_026;13190;STO_024;
STO_026;14645;STO_025;
STO_026;0;STO_026;
STO_026;10001;STO_027;
STO_026;6738;STO_028;
STO_026;6997;STO_029;
STO_026;1080;STO_030;
STO_026;13952;STO_031;
STO_026;12786;STO_032;
STO_026;7839;STO_033;
STO_026;10362;STO_034;
STO_026;8727;STO_035;
STO_026;706;STO_036;
STO_026;12756;STO_037;
STO_026;11295;STO_038;
STO_026;10437;STO_039;
STO_026;4368;STO_040;
STO_026;2707;STO_041;
STO_026;11980;STO_042;
STO_026;5841;STO_043;
STO_026;12903;STO_044;
STO_026;9387;STO_045;
STO_026;9926;STO_046;
STO_026;11756;STO_047;
STO_026;12635;STO_048;
STO_027;10522;HUB_001;
STO_027;9092;STO_002;
STO_027;12854;STO_003;
STO_027;2661;STO_004;
STO_027;2081;STO_005;
STO_027;4307;STO_006;
STO_027;3427;STO_007;
STO_027;12014;STO_008;
STO_027;6701;STO_009;
STO_027;1135;STO_010;
STO_027;6835;STO_011;
STO_027;2269;STO_012;
STO_027;3969;STO_013;
STO_027;8368;STO_014;
STO_027;13819;STO_015;
STO_027;5485;STO_016;
STO_027;8372;STO_017;
STO_027;6997;STO_018;
STO_027;6479;STO_019;
STO_027;2211;STO_020;
STO_027;5266;STO_021;
STO_027;4632;STO_022;
STO_027;4858;STO_023;
STO_027;9997;STO_024;
STO_027;4667;STO_025;
STO_027;10001;STO_026;
STO_027;0;STO_027;
STO_027;11482;STO_028;
STO_027;9837;STO_029;
STO_027;9843;STO_030;
STO_027;4662;STO_031;
STO_027;11015;STO_032;
STO_027;2162;STO_033;
STO_027;3106;STO_034;
STO_027;4805;STO_035;
STO_027;10654;STO_036;
STO_027;5457;STO_037;
STO_027;11112;STO_038;
STO_027;1784;STO_039;
STO_027;8161;STO_040;
STO_027;10530;STO_041;
STO_027;4940;STO_042;
STO_027;10780;STO_043;
STO_027;3495;STO_044;
STO_027;2397;STO_045;
STO_027;11518;STO_046;
STO_027;7567;STO_047;
STO_027;5390;STO_048;
STO_028;1014;HUB_001;
STO_028;6931;STO_002;
STO_028;2292;STO_003;
STO_028;10434;STO_004;
STO_028;9688;STO_005;
STO_028;7482;STO_006;
STO_028;8259;STO_007;
STO_028;8559;STO_008;
STO_028;6716;STO_009;
STO_028;11877;STO_010;
STO_028;13205;STO_011;
STO_028;13198;STO_012;
STO_028;11030;STO_013;
STO_028;11961;STO_014;
STO_028;2549;STO_015;
STO_028;9279;STO_016;
STO_028;4238;STO_017;
STO_028;4613;STO_018;
STO_028;11089;STO_019;
STO_028;10979;STO_020;
STO_028;8342;STO_021;
STO_028;10966;STO_022;
STO_028;9104;STO_023;
STO_028;8641;STO_024;
STO_028;15250;STO_025;
STO_028;6738;STO_026;
STO_028;11482;STO_027;
STO_028;0;STO_028;
STO_028;13336;STO_029;
STO_028;7776;STO_030;
STO_028;13513;STO_031;
STO_028;7532;STO_032;
STO_028;9782;STO_033;
STO_028;9886;STO_034;
STO_028;7413;STO_035;
STO_028;7106;STO_036;
STO_028;11070;STO_037;
STO_028;5614;STO_038;
STO_028;10806;STO_039;
STO_028;3754;STO_040;
STO_028;4092;STO_041;
STO_028;10444;STO_042;
STO_028;956;STO_043;
STO_028;12848;STO_044;
STO_028;9552;STO_045;
STO_028;3730;STO_046;
STO_028;8407;STO_047;
STO_028;10959;STO_048;
STO_029;12923;HUB_001;
STO_029;15894;STO_002;
STO_029;12987;STO_003;
STO_029;11936;STO_004;
STO_029;8626;STO_005;
STO_029;11037;STO_006;
STO_029;8666;STO_007;
STO_029;18924;STO_008;
STO_029;13523;STO_009;
STO_029;8880;STO_010;
STO_029;3419;STO_011;
STO_029;11812;STO_012;
STO_029;5880;STO_013;
STO_029;1656;STO_014;
STO_029;14332;STO_015;
STO_029;14009;STO_016;
STO_029;9209;STO_017;
STO_029;11453;STO_018;
STO_029;15675;STO_019;
STO_029;11778;STO_020;
STO_029;13216;STO_021;
STO_029;14010;STO_022;
STO_029;5971;STO_023;
STO_029;17499;STO_024;
STO_029;13939;STO_025;
STO_029;6997;STO_026;
STO_029;9837;STO_027;
STO_029;13336;STO_028;
STO_029;0;STO_029;
STO_029;5938;STO_030;
STO_029;14496;STO_031;
STO_029;17701;STO_032;
STO_029;8366;STO_033;
STO_029;12043;STO_034;
STO_029;11816;STO_035;
STO_029;7017;STO_036;
STO_029;14779;STO_037;
STO_029;16719;STO_038;
STO_029;11272;STO_039;
STO_029;9984;STO_040;
STO_029;9607;STO_041;
STO_029;14079;STO_042;
STO_029;12384;STO_043;
STO_029;13331;STO_044;
STO_029;10882;STO_045;
STO_029;15871;STO_046;
STO_029;15408;STO_047;
STO_029;14681;STO_048;
STO_030;7589;HUB_001;
STO_030;12061;STO_002;
STO_030;7101;STO_003;
STO_030;10735;STO_004;
STO_030;7842;STO_005;
STO_030;8492;STO_006;
STO_030;6897;STO_007;
STO_030;14790;STO_008;
STO_030;10169;STO_009;
STO_030;9435;STO_010;
STO_030;7149;STO_011;
STO_030;12110;STO_012;
STO_030;6787;STO_013;
STO_030;4966;STO_014;
STO_030;8444;STO_015;
STO_030;11669;STO_016;
STO_030;4196;STO_017;
STO_030;7425;STO_018;
STO_030;13655;STO_019;
STO_030;10909;STO_020;
STO_030;10652;STO_021;
STO_030;12455;STO_022;
STO_030;5067;STO_023;
STO_030;13870;STO_024;
STO_030;14510;STO_025;
STO_030;1080;STO_026;
STO_030;9843;STO_027;
STO_030;7776;STO_028;
STO_030;5938;STO_029;
STO_030;0;STO_030;
STO_030;14005;STO_031;
STO_030;13568;STO_032;
STO_030;7703;STO_033;
STO_030;10529;STO_034;
STO_030;9106;STO_035;
STO_030;1165;STO_036;
STO_030;13034;STO_037;
STO_030;12155;STO_038;
STO_030;10460;STO_039;
STO_030;5149;STO_040;
STO_030;3781;STO_041;
STO_030;12257;STO_042;
STO_030;6865;STO_043;
STO_030;12917;STO_044;
STO_030;9491;STO_045;
STO_030;10868;STO_046;
STO_030;12303;STO_047;
STO_030;12915;STO_048;
STO_031;12498;HUB_001;
STO_031;8570;STO_002;
STO_031;15377;STO_003;
STO_031;3366;STO_004;
STO_031;6277;STO_005;
STO_031;6255;STO_006;
STO_031;7115;STO_007;
STO_031;10740;STO_008;
STO_031;7069;STO_009;
STO_031;5644;STO_010;
STO_031;11412;STO_011;
STO_031;2921;STO_012;
STO_031;8632;STO_013;
STO_031;13029;STO_014;
STO_031;16048;STO_015;
STO_031;4567;STO_016;
STO_031;11572;STO_017;
STO_031;8982;STO_018;
STO_031;3829;STO_019;
STO_031;3097;STO_020;
STO_031;5271;STO_021;
STO_031;2703;STO_022;
STO_031;9297;STO_023;
STO_031;8575;STO_024;
STO_031;2548;STO_025;
STO_031;13952;STO_026;
STO_031;4662;STO_027;
STO_031;13513;STO_028;
STO_031;14496;STO_029;
STO_031;14005;STO_030;
STO_031;0;STO_031;
STO_031;10119;STO_032;
STO_031;6476;STO_033;
STO_031;3765;STO_034;
STO_031;6129;STO_035;
STO_031;14646;STO_036;
STO_031;3046;STO_037;
STO_031;11042;STO_038;
STO_031;3548;STO_039;
STO_031;11038;STO_040;
STO_031;13825;STO_041;
STO_031;3317;STO_042;
STO_031;13069;STO_043;
STO_031;1167;STO_044;
STO_031;4578;STO_045;
STO_031;12202;STO_046;
STO_031;6505;STO_047;
STO_031;3099;STO_048;
STO_032;6910;HUB_001;
STO_032;1952;STO_002;
STO_032;9801;STO_003;
STO_032;8594;STO_004;
STO_032;10372;STO_005;
STO_032;7190;STO_006;
STO_032;9519;STO_007;
STO_032;1233;STO_008;
STO_032;4472;STO_009;
STO_032;11981;STO_010;
STO_032;16117;STO_011;
STO_032;11496;STO_012;
STO_032;13061;STO_013;
STO_032;16067;STO_014;
STO_032;9600;STO_015;
STO_032;5842;STO_016;
STO_032;9388;STO_017;
STO_032;6305;STO_018;
STO_032;6396;STO_019;
STO_032;9223;STO_020;
STO_032;5761;STO_021;
STO_032;7554;STO_022;
STO_032;11920;STO_023;
STO_032;1747;STO_024;
STO_032;12573;STO_025;
STO_032;12786;STO_026;
STO_032;11015;STO_027;
STO_032;7532;STO_028;
STO_032;17701;STO_029;
STO_032;13568;STO_030;
STO_032;10119;STO_031;
STO_032;0;STO_032;
STO_032;10614;STO_033;
STO_032;8021;STO_034;
STO_032;6458;STO_035;
STO_032;13383;STO_036;
STO_032;7073;STO_037;
STO_032;1995;STO_038;
STO_032;9420;STO_039;
STO_032;8427;STO_040;
STO_032;10765;STO_041;
STO_032;6945;STO_042;
STO_032;7884;STO_043;
STO_032;10119;STO_044;
STO_032;8636;STO_045;
STO_032;4017;STO_046;
STO_032;3675;STO_047;
STO_032;7026;STO_048;
STO_033;8875;HUB_001;
STO_033;8664;STO_002;
STO_033;10952;STO_003;
STO_033;3578;STO_004;
STO_033;270;STO_005;
STO_033;3432;STO_006;
STO_033;1524;STO_007;
STO_033;11731;STO_008;
STO_033;6143;STO_009;
STO_033;2128;STO_010;
STO_033;5824;STO_011;
STO_033;4415;STO_012;
STO_033;2655;STO_013;
STO_033;6782;STO_014;
STO_033;11996;STO_015;
STO_033;5814;STO_016;
STO_033;6348;STO_017;
STO_033;5568;STO_018;
STO_033;7332;STO_019;
STO_033;3495;STO_020;
STO_033;5209;STO_021;
STO_033;5643;STO_022;
STO_033;2821;STO_023;
STO_033;9911;STO_024;
STO_033;6815;STO_025;
STO_033;7839;STO_026;
STO_033;2162;STO_027;
STO_033;9782;STO_028;
STO_033;8366;STO_029;
STO_033;7703;STO_030;
STO_033;6476;STO_031;
STO_033;10614;STO_032;
STO_033;0;STO_033;
STO_033;3686;STO_034;
STO_033;4158;STO_035;
STO_033;8494;STO_036;
STO_033;6416;STO_037;
STO_033;10327;STO_038;
STO_033;2993;STO_039;
STO_033;6254;STO_040;
STO_033;8447;STO_041;
STO_033;5729;STO_042;
STO_033;9004;STO_043;
STO_033;5334;STO_044;
STO_033;2536;STO_045;
STO_033;10373;STO_046;
STO_033;7564;STO_047;
STO_033;6319;STO_048;
STO_034;8874;HUB_001;
STO_034;6144;STO_002;
STO_034;11660;STO_003;
STO_034;611;STO_004;
STO_034;3422;STO_005;
STO_034;2495;STO_006;
STO_034;3705;STO_007;
STO_034;8965;STO_008;
STO_034;3959;STO_009;
STO_034;4190;STO_010;
STO_034;9444;STO_011;
STO_034;3630;STO_012;
STO_034;6307;STO_013;
STO_034;10441;STO_014;
STO_034;12394;STO_015;
STO_034;2379;STO_016;
STO_034;7820;STO_017;
STO_034;5292;STO_018;
STO_034;3648;STO_019;
STO_034;1252;STO_020;
STO_034;2277;STO_021;
STO_034;2004;STO_022;
STO_034;6270;STO_023;
STO_034;6910;STO_024;
STO_034;5388;STO_025;
STO_034;10362;STO_026;
STO_034;3106;STO_027;
STO_034;9886;STO_028;
STO_034;12043;STO_029;
STO_034;10529;STO_030;
STO_034;3765;STO_031;
STO_034;8021;STO_032;
STO_034;3686;STO_033;
STO_034;0;STO_034;
STO_034;2483;STO_035;
STO_034;11065;STO_036;
STO_034;2738;STO_037;
STO_034;8354;STO_038;
STO_034;1402;STO_039;
STO_034;7272;STO_040;
STO_034;10072;STO_041;
STO_034;2044;STO_042;
STO_034;9378;STO_043;
STO_034;2966;STO_044;
STO_034;1164;STO_045;
STO_034;9091;STO_046;
STO_034;4481;STO_047;
STO_034;2638;STO_048;
STO_035;6399;HUB_001;
STO_035;4506;STO_002;
STO_035;9250;STO_003;
STO_035;3057;STO_004;
STO_035;3913;STO_005;
STO_035;785;STO_006;
STO_035;3204;STO_007;
STO_035;7575;STO_008;
STO_035;1991;STO_009;
STO_035;5638;STO_010;
STO_035;9798;STO_011;
STO_035;5990;STO_012;
STO_035;6671;STO_013;
STO_035;10160;STO_014;
STO_035;9933;STO_015;
STO_035;2571;STO_016;
STO_035;5773;STO_017;
STO_035;2853;STO_018;
STO_035;4584;STO_019;
STO_035;3648;STO_020;
STO_035;1547;STO_021;
STO_035;3756;STO_022;
STO_035;5847;STO_023;
STO_035;5814;STO_024;
STO_035;7871;STO_025;
STO_035;8727;STO_026;
STO_035;4805;STO_027;
STO_035;7413;STO_028;
STO_035;11816;STO_029;
STO_035;9106;STO_030;
STO_035;6129;STO_031;
STO_035;6458;STO_032;
STO_035;4158;STO_033;
STO_035;2483;STO_034;
STO_035;0;STO_035;
STO_035;9430;STO_036;
STO_035;4118;STO_037;
STO_035;6324;STO_038;
STO_035;3585;STO_039;
STO_035;5078;STO_040;
STO_035;7971;STO_041;
STO_035;3366;STO_042;
STO_035;6940;STO_043;
STO_035;5436;STO_044;
STO_035;2449;STO_045;
STO_035;6763;STO_046;
STO_035;3594;STO_047;
STO_035;3996;STO_048;
STO_036;7055;HUB_001;
STO_036;11995;STO_002;
STO_036;6174;STO_003;
STO_036;11323;STO_004;
STO_036;8608;STO_005;
STO_036;8881;STO_006;
STO_036;7539;STO_007;
STO_036;14587;STO_008;
STO_036;10289;STO_009;
STO_036;10330;STO_010;
STO_036;8311;STO_011;
STO_036;12908;STO_012;
STO_036;7814;STO_013;
STO_036;6117;STO_014;
STO_036;7505;STO_015;
STO_036;12000;STO_016;
STO_036;4038;STO_017;
STO_036;7446;STO_018;
STO_036;14013;STO_019;
STO_036;11552;STO_020;
STO_036;10959;STO_021;
STO_036;12934;STO_022;
STO_036;5994;STO_023;
STO_036;13830;STO_024;
STO_036;15307;STO_025;
STO_036;706;STO_026;
STO_036;10654;STO_027;
STO_036;7106;STO_028;
STO_036;7017;STO_029;
STO_036;1165;STO_030;
STO_036;14646;STO_031;
STO_036;13383;STO_032;
STO_036;8494;STO_033;
STO_036;11065;STO_034;
STO_036;9430;STO_035;
STO_036;0;STO_036;
STO_036;13462;STO_037;
STO_036;11849;STO_038;
STO_036;11125;STO_039;
STO_036;4992;STO_040;
STO_036;3016;STO_041;
STO_036;12686;STO_042;
STO_036;6244;STO_043;
STO_036;13591;STO_044;
STO_036;10084;STO_045;
STO_036;10416;STO_046;
STO_036;12434;STO_047;
STO_036;13341;STO_048;
STO_037;10072;HUB_001;
STO_037;5554;STO_002;
STO_037;13109;STO_003;
STO_037;2895;STO_004;
STO_037;6154;STO_005;
STO_037;4582;STO_006;
STO_037;6370;STO_007;
STO_037;7722;STO_008;
STO_037;4379;STO_009;
STO_037;6592;STO_010;
STO_037;12113;STO_011;
STO_037;4896;STO_012;
STO_037;9009;STO_013;
STO_037;13180;STO_014;
STO_037;13618;STO_015;
STO_037;1791;STO_016;
STO_037;9891;STO_017;
STO_037;6809;STO_018;
STO_037;1039;STO_019;
STO_037;3245;STO_020;
STO_037;2772;STO_021;
STO_037;825;STO_022;
STO_037;8994;STO_023;
STO_037;5554;STO_024;
STO_037;5524;STO_025;
STO_037;12756;STO_026;
STO_037;5457;STO_027;
STO_037;11070;STO_028;
STO_037;14779;STO_029;
STO_037;13034;STO_030;
STO_037;3046;STO_031;
STO_037;7073;STO_032;
STO_037;6416;STO_033;
STO_037;2738;STO_034;
STO_037;4118;STO_035;
STO_037;13462;STO_036;
STO_037;0;STO_037;
STO_037;8045;STO_038;
STO_037;3700;STO_039;
STO_037;9183;STO_040;
STO_037;12085;STO_041;
STO_037;776;STO_042;
STO_037;10765;STO_043;
STO_037;3182;STO_044;
STO_037;3903;STO_045;
STO_037;9331;STO_046;
STO_037;3472;STO_047;
STO_037;121;STO_048;
STO_038;5084;HUB_001;
STO_038;2502;STO_002;
STO_038;7856;STO_003;
STO_038;8962;STO_004;
STO_038;10111;STO_005;
STO_038;6940;STO_006;
STO_038;9043;STO_007;
STO_038;2945;STO_008;
STO_038;4427;STO_009;
STO_038;11960;STO_010;
STO_038;15479;STO_011;
STO_038;11969;STO_012;
STO_038;12564;STO_013;
STO_038;15122;STO_014;
STO_038;7609;STO_015;
STO_038;6514;STO_016;
STO_038;7963;STO_017;
STO_038;5296;STO_018;
STO_038;7568;STO_019;
STO_038;9604;STO_020;
STO_038;6105;STO_021;
STO_038;8359;STO_022;
STO_038;11175;STO_023;
STO_038;3498;STO_024;
STO_038;13362;STO_025;
STO_038;11295;STO_026;
STO_038;11112;STO_027;
STO_038;5614;STO_028;
STO_038;16719;STO_029;
STO_038;12155;STO_030;
STO_038;11042;STO_031;
STO_038;1995;STO_032;
STO_038;10327;STO_033;
STO_038;8354;STO_034;
STO_038;6324;STO_035;
STO_038;11849;STO_036;
STO_038;8045;STO_037;
STO_038;0;STO_038;
STO_038;9701;STO_039;
STO_038;7023;STO_040;
STO_038;9087;STO_041;
STO_038;7738;STO_042;
STO_038;6053;STO_043;
STO_038;10840;STO_044;
STO_038;8722;STO_045;
STO_038;2021;STO_046;
STO_038;4593;STO_047;
STO_038;7973;STO_048;
STO_039;9807;HUB_001;
STO_039;7535;STO_002;
STO_039;12425;STO_003;
STO_039;884;STO_004;
STO_039;2770;STO_005;
STO_039;3330;STO_006;
STO_039;3586;STO_007;
STO_039;10367;STO_008;
STO_039;5280;STO_009;
STO_039;2911;STO_010;
STO_039;8452;STO_011;
STO_039;2415;STO_012;
STO_039;5413;STO_013;
STO_039;9726;STO_014;
STO_039;13259;STO_015;
STO_039;3745;STO_016;
STO_039;8265;STO_017;
STO_039;6197;STO_018;
STO_039;4711;STO_019;
STO_039;507;STO_020;
STO_039;3667;STO_021;
STO_039;2878;STO_022;
STO_039;5792;STO_023;
STO_039;8304;STO_024;
STO_039;4510;STO_025;
STO_039;10437;STO_026;
STO_039;1784;STO_027;
STO_039;10806;STO_028;
STO_039;11272;STO_029;
STO_039;10460;STO_030;
STO_039;3548;STO_031;
STO_039;9420;STO_032;
STO_039;2993;STO_033;
STO_039;1402;STO_034;
STO_039;3585;STO_035;
STO_039;11125;STO_036;
STO_039;3700;STO_037;
STO_039;9701;STO_038;
STO_039;0;STO_039;
STO_039;7856;STO_040;
STO_039;10507;STO_041;
STO_039;3157;STO_042;
STO_039;10213;STO_043;
STO_039;2465;STO_044;
STO_039;1259;STO_045;
STO_039;10330;STO_046;
STO_039;5878;STO_047;
STO_039;3627;STO_048;
STO_040;3063;HUB_001;
STO_040;7003;STO_002;
STO_040;4702;STO_003;
STO_040;7713;STO_004;
STO_040;6205;STO_005;
STO_040;4790;STO_006;
STO_040;4770;STO_007;
STO_040;9645;STO_008;
STO_040;5449;STO_009;
STO_040;8382;STO_010;
STO_040;9502;STO_011;
STO_040;10122;STO_012;
STO_040;7283;STO_013;
STO_040;8490;STO_014;
STO_040;5756;STO_015;
STO_040;7521;STO_016;
STO_040;961;STO_017;
STO_040;2554;STO_018;
STO_040;9537;STO_019;
STO_040;8145;STO_020;
STO_040;6464;STO_021;
STO_040;8827;STO_022;
STO_040;5350;STO_023;
STO_040;8840;STO_024;
STO_040;12364;STO_025;
STO_040;4368;STO_026;
STO_040;8161;STO_027;
STO_040;3754;STO_028;
STO_040;9984;STO_029;
STO_040;5149;STO_030;
STO_040;11038;STO_031;
STO_040;8427;STO_032;
STO_040;6254;STO_033;
STO_040;7272;STO_034;
STO_040;5078;STO_035;
STO_040;4992;STO_036;
STO_040;9183;STO_037;
STO_040;7023;STO_038;
STO_040;7856;STO_039;
STO_040;0;STO_040;
STO_040;2910;STO_041;
STO_040;8441;STO_042;
STO_040;2861;STO_043;
STO_040;10171;STO_044;
STO_040;6615;STO_045;
STO_040;5909;STO_046;
STO_040;7574;STO_047;
STO_040;9062;STO_048;
STO_041;4118;HUB_001;
STO_041;9594;STO_002;
STO_041;3390;STO_003;
STO_041;10468;STO_004;
STO_041;8468;STO_005;
STO_041;7627;STO_006;
STO_041;7116;STO_007;
STO_041;11931;STO_008;
STO_041;8306;STO_009;
STO_041;10530;STO_010;
STO_041;10138;STO_011;
STO_041;12643;STO_012;
STO_041;8711;STO_013;
STO_041;8414;STO_014;
STO_041;4731;STO_015;
STO_041;10432;STO_016;
STO_041;2253;STO_017;
STO_041;5427;STO_018;
STO_041;12447;STO_019;
STO_041;10845;STO_020;
STO_041;9375;STO_021;
STO_041;11706;STO_022;
STO_041;6681;STO_023;
STO_041;11438;STO_024;
STO_041;14967;STO_025;
STO_041;2707;STO_026;
STO_041;10530;STO_027;
STO_041;4092;STO_028;
STO_041;9607;STO_029;
STO_041;3781;STO_030;
STO_041;13825;STO_031;
STO_041;10765;STO_032;
STO_041;8447;STO_033;
STO_041;10072;STO_034;
STO_041;7971;STO_035;
STO_041;3016;STO_036;
STO_041;12085;STO_037;
STO_041;9087;STO_038;
STO_041;10507;STO_039;
STO_041;2910;STO_040;
STO_041;0;STO_041;
STO_041;11338;STO_042;
STO_041;3252;STO_043;
STO_041;12900;STO_044;
STO_041;9307;STO_045;
STO_041;7512;STO_046;
STO_041;10401;STO_047;
STO_041;11964;STO_048;
STO_042;9439;HUB_001;
STO_042;5288;STO_002;
STO_042;12443;STO_003;
STO_042;2300;STO_004;
STO_042;5464;STO_005;
STO_042;3809;STO_006;
STO_042;5614;STO_007;
STO_042;7701;STO_008;
STO_042;3817;STO_009;
STO_042;6068;STO_010;
STO_042;11478;STO_011;
STO_042;4683;STO_012;
STO_042;8350;STO_013;
STO_042;12470;STO_014;
STO_042;12993;STO_015;
STO_042;1253;STO_016;
STO_042;9135;STO_017;
STO_042;6103;STO_018;
STO_042;1604;STO_019;
STO_042;2749;STO_020;
STO_042;2102;STO_021;
STO_042;621;STO_022;
STO_042;8257;STO_023;
STO_042;5544;STO_024;
STO_042;5651;STO_025;
STO_042;11980;STO_026;
STO_042;4940;STO_027;
STO_042;10444;STO_028;
STO_042;14079;STO_029;
STO_042;12257;STO_030;
STO_042;3317;STO_031;
STO_042;6945;STO_032;
STO_042;5729;STO_033;
STO_042;2044;STO_034;
STO_042;3366;STO_035;
STO_042;12686;STO_036;
STO_042;776;STO_037;
STO_042;7738;STO_038;
STO_042;3157;STO_039;
STO_042;8441;STO_040;
STO_042;11338;STO_041;
STO_042;0;STO_042;
STO_042;10102;STO_043;
STO_042;3173;STO_044;
STO_042;3198;STO_045;
STO_042;8894;STO_046;
STO_042;3273;STO_047;
STO_042;658;STO_048;
STO_043;973;HUB_001;
STO_043;7055;STO_002;
STO_043;2344;STO_003;
STO_043;9901;STO_004;
STO_043;8926;STO_005;
STO_043;6921;STO_006;
STO_043;7488;STO_007;
STO_043;8978;STO_008;
STO_043;6489;STO_009;
STO_043;11117;STO_010;
STO_043;12264;STO_011;
STO_043;12579;STO_012;
STO_043;10143;STO_013;
STO_043;11005;STO_014;
STO_043;3050;STO_015;
STO_043;8985;STO_016;
STO_043;3289;STO_017;
STO_043;4089;STO_018;
STO_043;10872;STO_019;
STO_043;10420;STO_020;
STO_043;8003;STO_021;
STO_043;10595;STO_022;
STO_043;8195;STO_023;
STO_043;8835;STO_024;
STO_043;14695;STO_025;
STO_043;5841;STO_026;
STO_043;10780;STO_027;
STO_043;956;STO_028;
STO_043;12384;STO_029;
STO_043;6865;STO_030;
STO_043;13069;STO_031;
STO_043;7884;STO_032;
STO_043;9004;STO_033;
STO_043;9378;STO_034;
STO_043;6940;STO_035;
STO_043;6244;STO_036;
STO_043;10765;STO_037;
STO_043;6053;STO_038;
STO_043;10213;STO_039;
STO_043;2861;STO_040;
STO_043;3252;STO_041;
STO_043;10102;STO_042;
STO_043;0;STO_043;
STO_043;12344;STO_044;
STO_043;8953;STO_045;
STO_043;4318;STO_046;
STO_043;8334;STO_047;
STO_043;10651;STO_048;
STO_044;11835;HUB_001;
STO_044;8433;STO_002;
STO_044;14621;STO_003;
STO_044;2462;STO_004;
STO_044;5143;STO_005;
STO_044;5442;STO_006;
STO_044;6052;STO_007;
STO_044;10854;STO_008;
STO_044;6648;STO_009;
STO_044;4491;STO_010;
STO_044;10265;STO_011;
STO_044;1919;STO_012;
STO_044;7465;STO_013;
STO_044;11861;STO_014;
STO_044;15360;STO_015;
STO_044;4336;STO_016;
STO_044;10649;STO_017;
STO_044;8259;STO_018;
STO_044;4143;STO_019;
STO_044;2063;STO_020;
STO_044;4835;STO_021;
STO_044;2569;STO_022;
STO_044;8154;STO_023;
STO_044;8689;STO_024;
STO_044;2531;STO_025;
STO_044;12903;STO_026;
STO_044;3495;STO_027;
STO_044;12848;STO_028;
STO_044;13331;STO_029;
STO_044;12917;STO_030;
STO_044;1167;STO_031;
STO_044;10119;STO_032;
STO_044;5334;STO_033;
STO_044;2966;STO_034;
STO_044;5436;STO_035;
STO_044;13591;STO_036;
STO_044;3182;STO_037;
STO_044;10840;STO_038;
STO_044;2465;STO_039;
STO_044;10171;STO_040;
STO_044;12900;STO_041;
STO_044;3173;STO_042;
STO_044;12344;STO_043;
STO_044;0;STO_044;
STO_044;3595;STO_045;
STO_044;11831;STO_046;
STO_044;6446;STO_047;
STO_044;3192;STO_048;
STO_045;8556;HUB_001;
STO_045;6703;STO_002;
STO_045;11167;STO_003;
STO_045;1243;STO_004;
STO_045;2269;STO_005;
STO_045;2093;STO_006;
STO_045;2607;STO_007;
STO_045;9661;STO_008;
STO_045;4304;STO_009;
STO_045;3351;STO_010;
STO_045;8332;STO_011;
STO_045;3650;STO_012;
STO_045;5177;STO_013;
STO_045;9278;STO_014;
STO_045;12000;STO_015;
STO_045;3342;STO_016;
STO_045;7058;STO_017;
STO_045;4949;STO_018;
STO_045;4798;STO_019;
STO_045;1538;STO_020;
STO_045;2925;STO_021;
STO_045;3161;STO_022;
STO_045;5113;STO_023;
STO_045;7694;STO_024;
STO_045;5764;STO_025;
STO_045;9387;STO_026;
STO_045;2397;STO_027;
STO_045;9552;STO_028;
STO_045;10882;STO_029;
STO_045;9491;STO_030;
STO_045;4578;STO_031;
STO_045;8636;STO_032;
STO_045;2536;STO_033;
STO_045;1164;STO_034;
STO_045;2449;STO_035;
STO_045;10084;STO_036;
STO_045;3903;STO_037;
STO_045;8722;STO_038;
STO_045;1259;STO_039;
STO_045;6615;STO_040;
STO_045;9307;STO_041;
STO_045;3198;STO_042;
STO_045;8953;STO_043;
STO_045;3595;STO_044;
STO_045;0;STO_045;
STO_045;9210;STO_046;
STO_045;5277;STO_047;
STO_045;3802;STO_048;
STO_046;3396;HUB_001;
STO_046;4082;STO_002;
STO_046;5904;STO_003;
STO_046;9700;STO_004;
STO_046;10194;STO_005;
STO_046;7212;STO_006;
STO_046;8947;STO_007;
STO_046;4913;STO_008;
STO_046;5184;STO_009;
STO_046;12226;STO_010;
STO_046;15026;STO_011;
STO_046;12707;STO_012;
STO_046;12322;STO_013;
STO_046;14338;STO_014;
STO_046;5592;STO_015;
STO_046;7641;STO_016;
STO_046;6772;STO_017;
STO_046;4880;STO_018;
STO_046;9023;STO_019;
STO_046;10330;STO_020;
STO_046;6995;STO_021;
STO_046;9500;STO_022;
STO_046;10701;STO_023;
STO_046;5435;STO_024;
STO_046;14359;STO_025;
STO_046;9926;STO_026;
STO_046;11518;STO_027;
STO_046;3730;STO_028;
STO_046;15871;STO_029;
STO_046;10868;STO_030;
STO_046;12202;STO_031;
STO_046;4017;STO_032;
STO_046;10373;STO_033;
STO_046;9091;STO_034;
STO_046;6763;STO_035;
STO_046;10416;STO_036;
STO_046;9331;STO_037;
STO_046;2021;STO_038;
STO_046;10330;STO_039;
STO_046;5909;STO_040;
STO_046;7512;STO_041;
STO_046;8894;STO_042;
STO_046;4318;STO_043;
STO_046;11831;STO_044;
STO_046;9210;STO_045;
STO_046;0;STO_046;
STO_046;6045;STO_047;
STO_046;9242;STO_048;
STO_047;7485;HUB_001;
STO_047;2092;STO_002;
STO_047;10625;STO_003;
STO_047;5017;STO_004;
STO_047;7300;STO_005;
STO_047;4377;STO_006;
STO_047;6787;STO_007;
STO_047;4507;STO_008;
STO_047;2145;STO_009;
STO_047;8607;STO_010;
STO_047;13333;STO_011;
STO_047;7843;STO_012;
STO_047;10174;STO_013;
STO_047;13752;STO_014;
STO_047;10888;STO_015;
STO_047;2185;STO_016;
STO_047;8466;STO_017;
STO_047;5024;STO_018;
STO_047;2993;STO_019;
STO_047;5626;STO_020;
STO_047;2368;STO_021;
STO_047;3887;STO_022;
STO_047;9441;STO_023;
STO_047;2430;STO_024;
STO_047;8917;STO_025;
STO_047;11756;STO_026;
STO_047;7567;STO_027;
STO_047;8407;STO_028;
STO_047;15408;STO_029;
STO_047;12303;STO_030;
STO_047;6505;STO_031;
STO_047;3675;STO_032;
STO_047;7564;STO_033;
STO_047;4481;STO_034;
STO_047;3594;STO_035;
STO_047;12434;STO_036;
STO_047;3472;STO_037;
STO_047;4593;STO_038;
STO_047;5878;STO_039;
STO_047;7574;STO_040;
STO_047;10401;STO_041;
STO_047;3273;STO_042;
STO_047;8334;STO_043;
STO_047;6446;STO_044;
STO_047;5277;STO_045;
STO_047;6045;STO_046;
STO_047;0;STO_047;
STO_047;3409;STO_048;
STO_048;9960;HUB_001;
STO_048;5486;STO_002;
STO_048;12994;STO_003;
STO_048;2811;STO_004;
STO_048;6057;STO_005;
STO_048;4462;STO_006;
STO_048;6259;STO_007;
STO_048;7690;STO_008;
STO_048;4273;STO_009;
STO_048;6525;STO_010;
STO_048;12028;STO_011;
STO_048;4878;STO_012;
STO_048;8918;STO_013;
STO_048;13080;STO_014;
STO_048;13507;STO_015;
STO_048;1682;STO_016;
STO_048;9770;STO_017;
STO_048;6690;STO_018;
STO_048;1091;STO_019;
STO_048;3178;STO_020;
STO_048;2655;STO_021;
STO_048;765;STO_022;
STO_048;8887;STO_023;
STO_048;5522;STO_024;
STO_048;5560;STO_025;
STO_048;12635;STO_026;
STO_048;5390;STO_027;
STO_048;10959;STO_028;
STO_048;14681;STO_029;
STO_048;12915;STO_030;
STO_048;3099;STO_031;
STO_048;7026;STO_032;
STO_048;6319;STO_033;
STO_048;2638;STO_034;
STO_048;3996;STO_035;
STO_048;13341;STO_036;
STO_048;121;STO_037;
STO_048;7973;STO_038;
STO_048;3627;STO_039;
STO_048;9062;STO_040;
STO_048;11964;STO_041;
STO_048;658;STO_042;
STO_048;10651;STO_043;
STO_048;3192;STO_044;
STO_048;3802;STO_045;
STO_048;9242;STO_046;
STO_048;3409;STO_047;
STO_048;0;STO_048;
